{
	"car":{
		"x":[
			69,
			0,
			17
		],
		"v":[
			500,
			0,
			0
		],
		"o":[
			[
				-0.4161468365471424,
				-0.9092974268256817,
				0.0
			],
			[
				0.9092974268256817,
				-0.4161468365471424,
				0.0
			],
			[
				0.0,
				0.0,
				1.0
			]
		]
	},
	"dest":[
		4096,
		2000,
		500
	],
	"tangent":[
		0.0,
		0.9701425001453319,
		0.24253562503633297
	],
	"time":5.0,
	"speed":1200,
	"offset":300
}