{"follow":{"arrival_speed":1000.0,"arrival_time":4.0,"plan":[[[0.0,[0.0,1000.0]],[0.016806723549962044,[16.69061851501465,986.1836547851563]],[0.03361344709992409,[33.14983367919922,972.4625854492188]],[0.05042017251253128,[49.379241943359375,958.8367919921875]],[0.06722689419984818,[65.38044738769531,945.306396484375]],[0.08403361588716507,[81.1550521850586,931.871337890625]],[0.10084034502506256,[96.70465850830078,918.5315551757813]],[0.11764706671237946,[112.03086853027344,905.287109375]],[0.13445378839969635,[127.13528442382813,892.1380004882813]],[0.15126051008701324,[142.01950073242188,879.0841674804688]],[0.16806723177433014,[156.6851348876953,866.1256103515625]],[0.18487395346164703,[171.13377380371094,853.262451171875]],[0.20168069005012512,[185.36703491210938,840.4946899414063]],[0.21848741173744202,[199.38650512695313,827.8220825195313]],[0.2352941334247589,[213.19378662109375,815.244873046875]],[0.2521008551120758,[226.79049682617188,802.7630004882813]],[0.2689075767993927,[240.17822265625,790.3764038085938]],[0.2857142984867096,[253.3585662841797,778.0851440429688]],[0.3025210201740265,[266.3331298828125,765.88916015625]],[0.3193277418613434,[279.1035461425781,753.78857421875]],[0.3361344635486603,[291.67138671875,741.7832641601563]],[0.3529411852359772,[304.0382385253906,729.8733520507813]],[0.36974790692329407,[316.20574951171875,718.05859375]],[0.38655462861061096,[328.17547607421875,706.3392333984375]],[0.40336138010025024,[339.94903564453125,694.7152099609375]],[0.42016810178756714,[351.5280456542969,683.1865844726563]],[0.43697482347488403,[362.9140930175781,671.753173828125]],[0.45378154516220093,[374.1087951660156,660.4151611328125]],[0.4705882668495178,[385.1137390136719,649.1723022460938]],[0.4873949885368347,[395.9305114746094,638.0249633789063]],[0.5042017102241516,[406.56072998046875,626.9728393554688]],[0.5210084319114685,[417.0060119628906,616.0160522460938]],[0.5378151535987854,[427.2679443359375,605.154541015625]],[0.5546218752861023,[437.34814453125,594.388427734375]],[0.5714285969734192,[447.2481994628906,583.7175903320313]],[0.5882353186607361,[456.9696960449219,573.14208984375]],[0.605042040348053,[466.5142822265625,562.6619873046875]],[0.6218487620353699,[475.8835144042969,552.2770385742188]],[0.6386554837226868,[485.0790100097656,541.9874877929688]],[0.6554622054100037,[494.1023864746094,531.7933959960938]],[0.6722689270973206,[502.9552307128906,521.6943359375]],[0.6890756487846375,[511.6391296386719,511.6907958984375]],[0.7058823704719543,[520.1557006835938,501.782470703125]],[0.7226890921592712,[528.5065307617188,491.96954345703125]],[0.7394958138465881,[536.6932373046875,482.2518615722656]],[0.756302535533905,[544.7174682617188,472.62957763671875]],[0.7731092572212219,[552.5807495117188,463.10260009765625]],[0.7899159789085388,[560.2847290039063,453.67095947265625]],[0.8067227602005005,[567.8309936523438,444.3345031738281]],[0.8235294818878174,[575.2211303710938,435.093505859375]],[0.8403362035751343,[582.456787109375,425.94781494140625]],[0.8571429252624512,[589.53955078125,416.8974914550781]],[0.8739496469497681,[596.470947265625,407.9422912597656]],[0.890756368637085,[603.252685546875,399.0826416015625]],[0.9075630903244019,[609.8862915039063,390.3182067871094]],[0.9243698120117188,[616.3734130859375,381.6489562988281]],[0.9411765336990356,[622.7156372070313,373.0751953125]],[0.9579832553863525,[628.91455078125,364.59674072265625]],[0.9747899770736694,[634.9718017578125,356.213623046875]],[0.9915966987609863,[640.888916015625,347.92578125]],[1.0084034204483032,[646.6675415039063,339.73321533203125]],[1.0252101421356201,[652.309326171875,331.6360778808594]],[1.042016863822937,[657.8157958984375,323.6342468261719]],[1.058823585510254,[663.1885986328125,315.7275695800781]],[1.0756303071975708,[668.4293212890625,307.91632080078125]],[1.0924370288848877,[673.53955078125,300.2004699707031]],[1.1092437505722046,[678.5208740234375,292.579833984375]],[1.1260504722595215,[683.3749389648438,285.0545349121094]],[1.1428571939468384,[688.1033325195313,277.62457275390625]],[1.1596639156341553,[692.7076416015625,270.2899475097656]],[1.1764706373214722,[697.1895141601563,263.0506286621094]],[1.193277359008789,[701.5504760742188,255.9066162109375]],[1.210084080696106,[705.7921752929688,248.85789489746094]],[1.2268908023834229,[709.916259765625,241.904541015625]],[1.2436975240707397,[713.9242553710938,235.04653930664063]],[1.2605042457580566,[717.8178100585938,228.28378295898438]],[1.2773109674453735,[721.5985107421875,221.61639404296875]],[1.2941176891326904,[725.2679443359375,215.04429626464844]],[1.3109244108200073,[728.8276977539063,208.56756591796875]],[1.3277311325073242,[732.2794189453125,202.18606567382813]],[1.3445378541946411,[735.6246948242188,195.89987182617188]],[1.361344575881958,[738.8651123046875,189.70916748046875]],[1.378151297569275,[742.0022583007813,183.61363220214844]],[1.3949580192565918,[745.0377807617188,177.613525390625]],[1.4117647409439087,[747.9732666015625,171.70858764648438]],[1.4285714626312256,[750.810302734375,165.89913940429688]],[1.4453781843185425,[753.5504760742188,160.1848602294922]],[1.4621849060058594,[756.1954345703125,154.56594848632813]],[1.4789916276931763,[758.7467651367188,149.0424041748047]],[1.4957983493804932,[761.2060546875,143.6142120361328]],[1.51260507106781,[763.574951171875,138.28126525878906]],[1.529411792755127,[765.85498046875,133.04367065429688]],[1.5462185144424438,[768.0477905273438,127.90132141113281]],[1.5630252361297607,[770.1549682617188,122.85433197021484]],[1.5798319578170776,[772.1781616210938,117.9027099609375]],[1.5966386795043945,[774.118896484375,113.04631805419922]],[1.613445520401001,[775.9788208007813,108.28524017333984]],[1.6302522420883179,[777.759521484375,103.61963653564453]],[1.6470589637756348,[779.462646484375,99.04927062988281]],[1.6638656854629517,[781.0897216796875,94.57414245605469]],[1.6806724071502686,[782.6423950195313,90.19449615478516]],[1.6974791288375854,[784.1222534179688,85.91008758544922]],[1.7142858505249023,[785.5309448242188,81.7209243774414]],[1.7310925722122192,[786.8699951171875,77.62705993652344]],[1.7478992938995361,[788.1410522460938,73.62867736816406]],[1.764706015586853,[789.345703125,69.72559356689453]],[1.78151273727417,[790.4855346679688,65.91768646240234]],[1.7983194589614868,[791.5621948242188,62.20526123046875]],[1.8151261806488037,[792.5772705078125,58.58802032470703]],[1.8319329023361206,[793.5323486328125,55.066322326660156]],[1.8487396240234375,[794.4290161132813,51.639617919921875]],[1.8655463457107544,[795.2689208984375,48.30840301513672]],[1.8823530673980713,[796.0536499023438,45.072540283203125]],[1.8991597890853882,[796.7847900390625,41.931983947753906]],[1.915966510772705,[797.4639282226563,38.88665771484375]],[1.932773232460022,[798.0927124023438,35.93663787841797]],[1.9495799541473389,[798.6727294921875,33.08209228515625]],[1.9663866758346558,[799.20556640625,30.322799682617188]],[1.9831933975219727,[799.6928100585938,27.658798217773438]],[2.0,[800.1361083984375,25.09014892578125]],[2.0168068408966064,[800.5369873046875,22.61676025390625]],[2.033613443374634,[800.8970947265625,20.23876953125]],[2.0504202842712402,[801.2180786132813,17.95604705810547]],[2.0672268867492676,[801.50146484375,15.768653869628906]],[2.084033727645874,[801.7489013671875,13.676589965820313]],[2.1008403301239014,[801.9619750976563,11.679801940917969]],[2.117647171020508,[802.1422729492188,9.778396606445313]],[2.134453773498535,[802.2914428710938,7.9723358154296875]],[2.1512606143951416,[802.4110717773438,6.26153564453125]],[2.168067455291748,[802.5027465820313,4.646034240722656]],[2.1848740577697754,[802.5680541992188,3.1259231567382813]],[2.201680898666382,[802.608642578125,1.701080322265625]],[2.218487501144409,[802.6260375976563,0.37152099609375]],[2.2352943420410156,[802.6218872070313,-0.8627243041992188]],[2.252100944519043,[802.5978393554688,-2.0015716552734375]],[2.2689077854156494,[802.555419921875,-3.0450897216796875]],